{"cameraMode":{"drawMode":0,"name":"Shaded","section":"Shading Mode"},"sceneLighting":true,"audioPlay":false,"sceneViewState":{"m_AlwaysRefresh":false,"showFog":true,"showSkybox":true,"showFlares":true,"showImageEffects":true,"showParticleSystems":true,"showVisualEffectGraphs":true,"m_FxEnabled":true},"in2DMode":false,"pivot":{"x":-1.5689834356307984,"y":14.259329795837403,"z":-9.396098136901856},"rotation":{"x":0.12382116168737412,"y":-0.10282919555902481,"z":0.012892899103462696,"w":0.9869161248207092},"size":1.0452275276184083,"orthographic":false}