{"cameraMode":{"drawMode":0,"name":"Shaded","section":"Shading Mode"},"sceneLighting":true,"audioPlay":false,"sceneViewState":{"m_AlwaysRefresh":false,"showFog":true,"showSkybox":true,"showFlares":true,"showImageEffects":true,"showParticleSystems":true,"showVisualEffectGraphs":true,"m_FxEnabled":true},"in2DMode":false,"pivot":{"x":9.615817070007325,"y":8.374346733093262,"z":-19.956926345825197},"rotation":{"x":0.03964410722255707,"y":-0.2363653928041458,"z":0.009642073884606362,"w":0.9708460569381714},"size":3.127941131591797,"orthographic":false}